[
  {
    "id": 1,
    "name": "Laptop",
    "price": 999.99,
    "quantity": 150,
    "category": "ELECTRONICS",
    "created_at": "2025-11-23T18:03:00Z"
  },
  {
    "id": 2,
    "name": "T-Shirt (Medium)",
    "price": 19.50,
    "quantity": 500,
    "category": "CLOTH",
    "created_at": "2025-11-22T10:00:00Z"
  },
  {
    "id": 3,
    "name": "Notebook",
    "price": 5.25,
    "quantity": 800,
    "category": "STATIONARY",
    "created_at": "2025-11-21T14:30:00Z"
  },
  {
    "id": 4,
    "name": "Smartphone",
    "price": 699.00,
    "quantity": 250,
    "category": "ELECTRONICS",
    "created_at": "2025-11-20T09:45:00Z"
  },
  {
    "id": 5,
    "name": "Jeans (Size 32x34)",
    "price": 45.00,
    "quantity": 300,
    "category": "CLOTH",
    "created_at": "2025-11-19T16:20:00Z"
  },
  {
    "id": 6,
    "name": "Pen Set",
    "price": 12.00,
    "quantity": 400,
    "category": "STATIONARY",
    "created_at": "2025-11-18T11:15:00Z"
  },
  {
    "id": 7,
    "name": "External Hard Drive",
    "price": 79.99,
    "quantity": 90,
    "category": "ELECTRONICS",
    "created_at": "2025-11-17T13:00:00Z"
  },
  {
    "id": 8,
    "name": "Hoodie (Large)",
    "price": 35.50,
    "quantity": 180,
    "category": "CLOTH",
    "created_at": "2025-11-16T17:50:00Z"
  },
  {
    "id": 9,
    "name": "Stapler",
    "price": 8.75,
    "quantity": 220,
    "category": "STATIONARY",
    "created_at": "2025-11-15T08:30:00Z"
  },
  {
    "id": 10,
    "name": "Headphones",
    "price": 199.00,
    "quantity": 75,
    "category": "ELECTRONICS",
    "created_at": "2025-11-14T20:00:00Z"
  }
]
